{"rules":{"A":{"A":{"async":{"strategy":"remote","url":"A"},"sync":{"strategy":"remote","url":"SYNC-A"}},"B":{"async":{"strategy":"remote","url":"B"},"sync":{"strategy":"remote","url":"SYNC-B"}},"C":{"async":{"strategy":"remote","url":"C"},"sync":{"strategy":"remote","url":"SYNC-C"}},"D":{"async":{"strategy":"remote","url":"D"},"sync":{"strategy":"remote","url":"SYNC-D"}},"E":{"async":{"strategy":"remote","url":"E"},"sync":{"strategy":"remote","url":"SYNC-E"}},"F":{"async":{"strategy":"remote","url":"F"},"sync":{"strategy":"remote","url":"SYNC-F"}},"G":{"async":{"strategy":"remote","url":"G"},"sync":{"strategy":"remote","url":"SYNC-G"}}},"B":{"A":{"async":{"strategy":"remote","url":"A"},"sync":{"strategy":"remote","url":"SYNC-A"}},"B":{"async":{"strategy":"remote","url":"B"},"sync":{"strategy":"remote","url":"SYNC-B"}},"C":{"async":{"strategy":"remote","url":"C"},"sync":{"strategy":"remote","url":"SYNC-C"}},"D":{"async":{"strategy":"remote","url":"D"},"sync":{"strategy":"remote","url":"SYNC-D"}},"E":{"async":{"strategy":"remote","url":"E"},"sync":{"strategy":"remote","url":"SYNC-E"}},"F":{"async":{"strategy":"remote","url":"F"},"sync":{"strategy":"remote","url":"SYNC-F"}},"G":{"async":{"strategy":"remote","url":"G"},"sync":{"strategy":"remote","url":"SYNC-G"}}},"C":{"A":{"async":{"strategy":"remote","url":"A"},"sync":{"strategy":"remote","url":"SYNC-A"}},"B":{"async":{"strategy":"remote","url":"B"},"sync":{"strategy":"remote","url":"SYNC-B"}},"C":{"async":{"strategy":"remote","url":"C"},"sync":{"strategy":"remote","url":"SYNC-C"}},"D":{"async":{"strategy":"remote","url":"D"},"sync":{"strategy":"remote","url":"SYNC-D"}},"E":{"async":{"strategy":"remote","url":"E"},"sync":{"strategy":"remote","url":"SYNC-E"}},"F":{"async":{"strategy":"remote","url":"F"},"sync":{"strategy":"remote","url":"SYNC-F"}},"G":{"async":{"strategy":"remote","url":"G"},"sync":{"strategy":"remote","url":"SYNC-G"}}},"D":{"A":{"async":{"strategy":"remote","url":"A"},"sync":{"strategy":"remote","url":"SYNC-A"}},"B":{"async":{"strategy":"remote","url":"B"},"sync":{"strategy":"remote","url":"SYNC-B"}},"C":{"async":{"strategy":"remote","url":"C"},"sync":{"strategy":"remote","url":"SYNC-C"}},"D":{"async":{"strategy":"remote","url":"D"},"sync":{"strategy":"remote","url":"SYNC-D"}},"E":{"async":{"strategy":"remote","url":"E"},"sync":{"strategy":"remote","url":"SYNC-E"}},"F":{"async":{"strategy":"remote","url":"F"},"sync":{"strategy":"remote","url":"SYNC-F"}},"G":{"async":{"strategy":"remote","url":"G"},"sync":{"strategy":"remote","url":"SYNC-G"}}},"E":{"A":{"async":{"strategy":"remote","url":"A"},"sync":{"strategy":"remote","url":"SYNC-A"}},"B":{"async":{"strategy":"remote","url":"B"},"sync":{"strategy":"remote","url":"SYNC-B"}},"C":{"async":{"strategy":"remote","url":"C"},"sync":{"strategy":"remote","url":"SYNC-C"}},"D":{"async":{"strategy":"remote","url":"D"},"sync":{"strategy":"remote","url":"SYNC-D"}},"E":{"async":{"strategy":"remote","url":"E"},"sync":{"strategy":"remote","url":"SYNC-E"}},"F":{"async":{"strategy":"remote","url":"F"},"sync":{"strategy":"remote","url":"SYNC-F"}},"G":{"async":{"strategy":"remote","url":"G"},"sync":{"strategy":"remote","url":"SYNC-G"}}},"F":{"A":{"async":{"strategy":"remote","url":"A"},"sync":{"strategy":"remote","url":"SYNC-A"}},"B":{"async":{"strategy":"remote","url":"B"},"sync":{"strategy":"remote","url":"SYNC-B"}},"C":{"async":{"strategy":"remote","url":"C"},"sync":{"strategy":"remote","url":"SYNC-C"}},"D":{"async":{"strategy":"remote","url":"D"},"sync":{"strategy":"remote","url":"SYNC-D"}},"E":{"async":{"strategy":"remote","url":"E"},"sync":{"strategy":"remote","url":"SYNC-E"}},"F":{"async":{"strategy":"remote","url":"F"},"sync":{"strategy":"remote","url":"SYNC-F"}},"G":{"async":{"strategy":"remote","url":"G"},"sync":{"strategy":"remote","url":"SYNC-G"}}},"G":{"A":{"async":{"strategy":"remote","url":"A"},"sync":{"strategy":"remote","url":"SYNC-A"}},"B":{"async":{"strategy":"remote","url":"B"},"sync":{"strategy":"remote","url":"SYNC-B"}},"C":{"async":{"strategy":"remote","url":"C"},"sync":{"strategy":"remote","url":"SYNC-C"}},"D":{"async":{"strategy":"remote","url":"D"},"sync":{"strategy":"remote","url":"SYNC-D"}},"E":{"async":{"strategy":"remote","url":"E"},"sync":{"strategy":"remote","url":"SYNC-E"}},"F":{"async":{"strategy":"remote","url":"F"},"sync":{"strategy":"remote","url":"SYNC-F"}},"G":{"async":{"strategy":"remote","url":"G"},"sync":{"strategy":"remote","url":"SYNC-G"}}}},"traceName":1731516647}